eta,alpha,loglik,logprior,logpost,posterior_weight
0.0,-4.399999999999835,-32965.991011544196,-0.0,-32965.991011544196,0.0
0.01,-4.400006254145836,-32913.187102466785,-0.0,-32913.187102466785,0.0
0.02,-4.400045173846792,-32860.585174518834,-0.0,-32860.585174518834,0.0
0.03,-4.400116964358887,-32808.1865295716,-0.0,-32808.1865295716,0.0
0.04,-4.400221830091624,-32755.99246438778,-0.0,-32755.99246438778,0.0
0.05,-4.400359974562633,-32704.004270336955,-0.0,-32704.004270336955,0.0
0.06,-4.400531600358448,-32652.22323310963,-0.0,-32652.22323310963,0.0
0.07,-4.40073690908676,-32600.650632429093,-0.0,-32600.650632429093,0.0
0.08,-4.40097610133634,-32549.287741762055,-0.0,-32549.287741762055,0.0
0.09,-4.4012493766301475,-32498.135828027458,-0.0,-32498.135828027458,0.0
0.1,-4.401556933385251,-32447.19615130429,-0.0,-32447.19615130429,0.0
0.11,-4.401898968864231,-32396.469964537606,-0.0,-32396.469964537606,0.0
0.12,-4.402275679134249,-32345.95851324393,-0.0,-32345.95851324393,0.0
0.13,-4.402687259020155,-32295.663035215228,-0.0,-32295.663035215228,0.0
0.14,-4.4031339020635585,-32245.58476022227,-0.0,-32245.58476022227,0.0
0.15,-4.40361580047508,-32195.724909717,-0.0,-32195.724909717,0.0
0.16,-4.4041331450900145,-32146.08469653424,-0.0,-32146.08469653424,0.0
0.17,-4.404686125326549,-32096.66532459319,-0.0,-32096.66532459319,0.0
0.18,-4.405274929138017,-32047.467988598088,-0.0,-32047.467988598088,0.0
0.19,-4.405899742968558,-31998.493873738902,-0.0,-31998.493873738902,0.0
0.2,-4.4065607517130445,-31949.744155392043,-0.0,-31949.744155392043,0.0
0.21,-4.407258138665071,-31901.21999882053,-0.0,-31901.21999882053,0.0
0.22,-4.407992085478583,-31852.922558875016,-0.0,-31852.922558875016,0.0
0.23,-4.40876277212098,-31804.85297969463,-0.0,-31804.85297969463,0.0
0.24,-4.409570376829635,-31757.012394408557,-0.0,-31757.012394408557,0.0
0.25,-4.410415076066698,-31709.401924837955,-0.0,-31709.401924837955,0.0
0.26,-4.411297044475617,-31662.022681198854,-0.0,-31662.022681198854,0.0
0.27,-4.4122164548385,-31614.875761805855,-0.0,-31614.875761805855,0.0
0.28,-4.413173478030075,-31567.962252776815,-0.0,-31567.962252776815,0.0
0.29,-4.414168282975908,-31521.283227738837,-0.0,-31521.283227738837,0.0
0.3,-4.415201036610625,-31474.839747535607,-0.0,-31474.839747535607,0.0
0.31,-4.416271903829312,-31428.632859935944,-0.0,-31428.632859935944,0.0
0.32,-4.417381047453404,-31382.663599344643,-0.0,-31382.663599344643,0.0
0.33,-4.418528628178677,-31336.932986514243,-0.0,-31336.932986514243,0.0
0.34,-4.4197148045419965,-31291.442028259728,-0.0,-31291.442028259728,0.0
0.35,-4.420939732874416,-31246.19171717453,-0.0,-31246.19171717453,0.0
0.36,-4.422203567258549,-31201.183031349155,-0.0,-31201.183031349155,0.0
0.37,-4.423506459493609,-31156.416934092496,-0.0,-31156.416934092496,0.0
0.38,-4.424848559048513,-31111.894373655177,-0.0,-31111.894373655177,0.0
0.39,-4.426230013025219,-31067.61628295608,-0.0,-31067.61628295608,0.0
0.4,-4.427650966116943,-31023.583579311548,-0.0,-31023.583579311548,0.0
0.41,-4.429111560572352,-30979.797164167892,-0.0,-30979.797164167892,0.0
0.42,-4.430611936151223,-30936.257922836663,-0.0,-30936.257922836663,0.0
0.43,-4.432152230090338,-30892.96672423375,-0.0,-30892.96672423375,0.0
0.44,-4.433732577065115,-30849.924420621825,-0.0,-30849.924420621825,0.0
0.45,-4.435353109151237,-30807.13184735635,-0.0,-30807.13184735635,0.0
0.46,-4.437013955787137,-30764.589822635466,-0.0,-30764.589822635466,0.0
0.47,-4.438715243740745,-30722.29914725403,-0.0,-30722.29914725403,0.0
0.48,-4.440457097071118,-30680.26060436146,-0.0,-30680.26060436146,0.0
0.49,-4.442239637095184,-30638.47495922413,-0.0,-30638.47495922413,0.0
0.5,-4.444062982353643,-30596.942958992015,-0.0,-30596.942958992015,0.0
0.51,-4.445927248574293,-30555.66533246984,-0.0,-30555.66533246984,0.0
0.52,-4.447832548643902,-30514.642789893187,-0.0,-30514.642789893187,0.0
0.53,-4.449778992572391,-30473.876022709137,-0.0,-30473.876022709137,0.0
0.54,-4.45176668746214,-30433.36570336203,-0.0,-30433.36570336203,0.0
0.55,-4.453795737478146,-30393.11248508437,-0.0,-30393.11248508437,0.0
0.56,-4.455866243818178,-30353.117001692914,-0.0,-30353.117001692914,0.0
0.57,-4.4579783046795285,-30313.37986738994,-0.0,-30313.37986738994,0.0
0.58,-4.460132015235985,-30273.90167657048,-0.0,-30273.90167657048,0.0
0.59,-4.462327467607139,-30234.683003634706,-0.0,-30234.683003634706,0.0
0.6,-4.464564750831954,-30195.72440280627,-0.0,-30195.72440280627,0.0
0.61,-4.466843950841479,-30157.026407956437,-0.0,-30157.026407956437,0.0
0.62,-4.469165150437533,-30118.589532434366,-0.0,-30118.589532434366,0.0
0.63,-4.471528429263714,-30080.414268903118,-0.0,-30080.414268903118,0.0
0.64,-4.473933863784083,-30042.501089182144,-0.0,-30042.501089182144,0.0
0.65,-4.4763815272609975,-30004.850444096013,-0.0,-30004.850444096013,0.0
0.66,-4.478871489731233,-29967.46276332937,-0.0,-29967.46276332937,0.0
0.67,-4.481403817988934,-29930.338455288686,-0.0,-29930.338455288686,0.0
0.68,-4.483978575560883,-29893.477906970158,-0.0,-29893.477906970158,0.0
0.69,-4.48659582269201,-29856.881483834735,-0.0,-29856.881483834735,0.0
0.7,-4.489255616325778,-29820.54952968959,-0.0,-29820.54952968959,0.0
0.71,-4.491958010085426,-29784.482366576387,-0.0,-29784.482366576387,0.0
0.72,-4.494703054259475,-29748.680294666683,-0.0,-29748.680294666683,0.0
0.73,-4.497490795788082,-29713.143592164208,-0.0,-29713.143592164208,0.0
0.74,-4.500321278245991,-29677.872515214,-0.0,-29677.872515214,0.0
0.75,-4.503194541831448,-29642.867297818953,-0.0,-29642.867297818953,0.0
0.76,-4.506110623352555,-29608.12815176317,-0.0,-29608.12815176317,0.0
0.77,-4.509069556217042,-29573.655266542824,-0.0,-29573.655266542824,0.0
0.78,-4.512071370424593,-29539.448809304264,-0.0,-29539.448809304264,0.0
0.79,-4.515116092551494,-29505.50892478895,-0.0,-29505.50892478895,0.0
0.8,-4.51820374575064,-29471.835735286495,-0.0,-29471.835735286495,0.0
0.81,-4.521334349736179,-29438.429340594215,-0.0,-29438.429340594215,0.0
0.82,-4.524507920785226,-29405.289817984885,-0.0,-29405.289817984885,0.0
0.83,-4.527724471726771,-29372.41722218122,-0.0,-29372.41722218122,0.0
0.84,-4.530984011942536,-29339.811585338277,-0.0,-29339.811585338277,0.0
0.85,-4.534286547361006,-29307.47291703298,-0.0,-29307.47291703298,0.0
0.86,-4.537632080455722,-29275.401204261205,-0.0,-29275.401204261205,0.0
0.87,-4.541020610247841,-29243.596411442504,-0.0,-29243.596411442504,0.0
0.88,-4.544452132301018,-29212.058480431773,-0.0,-29212.058480431773,0.0
0.89,-4.547926638729081,-29180.78733053903,-0.0,-29180.78733053903,0.0
0.9,-4.55144411819262,-29149.782858555973,-0.0,-29149.782858555973,0.0
0.91,-4.555004555904958,-29119.04493879032,-0.0,-29119.04493879032,0.0
0.92,-4.55860793363982,-29088.57342310764,-0.0,-29088.57342310764,0.0
0.93,-4.562254229728779,-29058.368140979896,-0.0,-29058.368140979896,0.0
0.94,-4.5659434190766035,-29028.42889954221,-0.0,-29028.42889954221,0.0
0.95,-4.569675473162107,-28998.755483656125,-0.0,-28998.755483656125,0.0
0.96,-4.573450360052647,-28969.347655980673,-0.0,-28969.347655980673,0.0
0.97,-4.577268044408385,-28940.205157050143,-0.0,-28940.205157050143,0.0
0.98,-4.581128487495931,-28911.327705359385,-0.0,-28911.327705359385,0.0
0.99,-4.585031647198576,-28882.71499745595,-0.0,-28882.71499745595,0.0
1.0,-4.588977478031637,-28854.36670803946,-0.0,-28854.36670803946,0.0
1.01,-4.5929659311526905,-28826.282490067628,-0.0,-28826.282490067628,0.0
1.02,-4.5969969543794775,-28798.461974869497,-0.0,-28798.461974869497,0.0
1.03,-4.601070492200989,-28770.90477226508,-0.0,-28770.90477226508,0.0
1.04,-4.605186485799635,-28743.610470692216,-0.0,-28743.610470692216,0.0
1.05,-4.609344873065737,-28716.57863733967,-0.0,-28716.57863733967,0.0
1.06,-4.6135455886154375,-28689.80881828685,-0.0,-28689.80881828685,0.0
1.07,-4.617788563812866,-28663.30053865021,-0.0,-28663.30053865021,0.0
1.08,-4.6220737267871925,-28637.053302735647,-0.0,-28637.053302735647,0.0
1.09,-4.6264010024573565,-28611.06659419755,-0.0,-28611.06659419755,0.0
1.1,-4.630770312551675,-28585.33987620367,-0.0,-28585.33987620367,0.0
1.11,-4.635181575631719,-28559.872591606203,-0.0,-28559.872591606203,0.0
1.12,-4.63963470711704,-28534.66416311884,-0.0,-28534.66416311884,0.0
1.13,-4.644129619309041,-28509.7139934995,-0.0,-28509.7139934995,0.0
1.14,-4.64866622141912,-28485.02146573901,-0.0,-28485.02146573901,0.0
1.15,-4.653244419589129,-28460.585943254842,-0.0,-28460.585943254842,0.0
1.16,-4.657864116928039,-28436.4067700912,-0.0,-28436.4067700912,0.0
1.17,-4.662525213529847,-28412.483271123336,-0.0,-28412.483271123336,0.0
1.18,-4.667227606511943,-28388.814752268117,-0.0,-28388.814752268117,0.0
1.19,-4.6719711900381355,-28365.400500698866,-0.0,-28365.400500698866,0.0
1.2,-4.676755855351047,-28342.239785065514,-0.0,-28342.239785065514,0.0
1.21,-4.681581490806224,-28319.331855719658,-0.0,-28319.331855719658,0.0
1.22,-4.686447981898567,-28296.675944943785,-0.0,-28296.675944943785,0.0
1.23,-4.6913552113015555,-28274.271267185657,-0.0,-28274.271267185657,0.0
1.24,-4.696303058894529,-28252.11701929647,-0.0,-28252.11701929647,0.0
1.25,-4.701291401799352,-28230.21238077359,-0.0,-28230.21238077359,0.0
1.26,-4.706320114417082,-28208.55651400739,-0.0,-28208.55651400739,0.0
1.27,-4.7113890684595106,-28187.148564531704,-0.0,-28187.148564531704,0.0
1.28,-4.7164981329858335,-28165.987661278356,-0.0,-28165.987661278356,0.0
1.29,-4.721647174442722,-28145.072916835314,-0.0,-28145.072916835314,0.0
1.3,-4.726836056695021,-28124.40342770798,-0.0,-28124.40342770798,0.0
1.31,-4.732064641070082,-28103.978274584373,-0.0,-28103.978274584373,0.0
1.32,-4.737332786391875,-28083.796522602926,-0.0,-28083.796522602926,0.0
1.33,-4.742640349018501,-28063.857221623515,-0.0,-28063.857221623515,0.0
1.34,-4.74798718288568,-28044.159406501578,-0.0,-28044.159406501578,0.0
1.35,-4.7533731395425605,-28024.70209736451,-0.0,-28024.70209736451,0.0
1.36,-4.758798068194352,-28005.484299890966,-0.0,-28005.484299890966,0.0
1.37,-4.764261815740696,-27986.50500559232,-0.0,-27986.50500559232,0.0
1.38,-4.769764226816591,-27967.763192096438,-0.0,-27967.763192096438,0.0
1.39,-4.77530514383588,-27949.257823433676,-0.0,-27949.257823433676,0.0
1.4,-4.780884407031323,-27930.98785032458,-0.0,-27930.98785032458,0.0
1.41,-4.786501854494674,-27912.9522104694,-0.0,-27912.9522104694,0.0
1.42,-4.792157322222721,-27895.14982883942,-0.0,-27895.14982883942,0.0
1.43,-4.797850644158217,-27877.57961796956,-0.0,-27877.57961796956,0.0
1.44,-4.803581652231657,-27860.24047825228,-0.0,-27860.24047825228,0.0
1.45,-4.809350176406468,-27843.1312982328,-0.0,-27843.1312982328,0.0
1.46,-4.815156044719089,-27826.250954905092,-0.0,-27826.250954905092,0.0
1.47,-4.820999083325859,-27809.59831400902,-0.0,-27809.59831400902,1.2184e-320
1.48,-4.82687911654736,-27793.17223032809,-0.0,-27793.17223032809,1.6577163514e-313
1.49,-4.832795966906787,-27776.971547987447,-0.0,-27776.971547987447,1.8004338308245885e-306
1.5,-4.838749455180249,-27760.99510075286,-0.0,-27760.99510075286,1.5626439659839408e-299
1.51,-4.844739400439408,-27745.241712329665,-0.0,-27745.241712329665,1.0850998483111552e-292
1.52,-4.850765620092403,-27729.71019666161,-0.0,-27729.71019666161,6.035611161556326e-286
1.53,-4.8568279299315975,-27714.39935823024,-0.0,-27714.39935823024,2.6923647572552935e-279
1.54,-4.862926144178772,-27699.307992353784,-0.0,-27699.307992353784,9.643414217379809e-273
1.55,-4.869060075527756,-27684.434885485785,-0.0,-27684.434885485785,2.7767645941402835e-266
1.56,-4.875229535187913,-27669.77881551332,-0.0,-27669.77881551332,6.435604972098035e-260
1.57,-4.881434332931036,-27655.338552054793,-0.0,-27655.338552054793,1.2020322390862297e-253
1.58,-4.88767427713654,-27641.11285675705,-0.0,-27641.11285675705,1.811578195779596e-247
1.59,-4.893949174832386,-27627.10048359139,-0.0,-27627.10048359139,2.2057354802845777e-241
1.6,-4.900258831744537,-27613.300179149166,-0.0,-27613.300179149166,2.172448535242291e-235
1.61,-4.906603052337033,-27599.710682935798,-0.0,-27599.710682935798,1.732976662470924e-229
1.62,-4.912981639858884,-27586.330727663986,-0.0,-27586.330727663986,1.1210718739316955e-223
1.63,-4.91939439638756,-27573.15903954547,-0.0,-27573.15903954547,5.88877449993571e-218
1.64,-4.925841122871617,-27560.194338581357,-0.0,-27560.194338581357,2.5149132694171974e-212
1.65,-4.932321619180158,-27547.435338851257,-0.0,-27547.435338851257,8.743517623366142e-207
1.66,-4.938835684138638,-27534.88074880013,-0.0,-27534.88074880013,2.477852049783245e-201
1.67,-4.945383115579176,-27522.529271524134,-0.0,-27522.529271524134,5.731308630597685e-196
1.68,-4.95196371038233,-27510.379605054208,-0.0,-27510.379605054208,1.0833951839454538e-190
1.69,-4.958577264518027,-27498.4304426377,-0.0,-27498.4304426377,1.6758772348077222e-185
1.7,-4.965223573092459,-27486.680473018245,-0.0,-27486.680473018245,2.1241695052753685e-180
1.71,-4.97190243038645,-27475.12838071313,-0.0,-27475.12838071313,2.2090172758750162e-175
1.72,-4.978613629904061,-27463.772846288903,-0.0,-27463.772846288903,1.8873178691896884e-170
1.73,-4.985356964408396,-27452.612546634078,-0.0,-27452.612546634078,1.3264827550806237e-165
1.74,-4.992132225969357,-27441.646155230042,-0.0,-27441.646155230042,7.679711076883734e-161
1.75,-4.998939206002007,-27430.87234241903,-0.0,-27430.87234241903,3.6673497869095633e-156
1.76,-5.005777695309206,-27420.289775669713,-0.0,-27420.289775669713,1.4464475092169586e-151
1.77,-5.012647484121686,-27409.897119840098,-0.0,-27409.897119840098,4.718193599067863e-147
1.78,-5.019548362140682,-27399.69303743779,-0.0,-27399.69303743779,1.2745369696829552e-142
1.79,-5.02648011857886,-27389.676188877453,-0.0,-27389.676188877453,2.855055093104846e-138
1.8,-5.033442542197832,-27379.84523273515,-0.0,-27379.84523273515,5.310611083687789e-134
1.81,-5.04043542134994,-27370.198826000145,-0.0,-27370.198826000145,8.21345179787879e-130
1.82,-5.047458544016621,-27360.735624323417,-0.0,-27360.735624323417,1.0576500203525498e-125
1.83,-5.054511697848483,-27351.454282263316,-0.0,-27351.454282263316,1.1354751222124113e-121
1.84,-5.0615946702028225,-27342.353453527932,-0.0,-27342.353453527932,1.0176942575533163e-117
1.85,-5.068707248184552,-27333.431791214596,-0.0,-27333.431791214596,7.625108645488962e-114
1.86,-5.075849218677746,-27324.687948045597,-0.0,-27324.687948045597,4.7824327856443275e-110
1.87,-5.083020368392539,-27316.1205766015,-0.0,-27316.1205766015,2.5142648134542196e-106
1.88,-5.090220483891557,-27307.72832955017,-0.0,-27307.72832955017,1.1094752097071367e-102
1.89,-5.097449351634253,-27299.509859873287,-0.0,-27299.509859873287,4.1148464444373305e-99
1.9,-5.1047067580110195,-27291.46382108905,-0.0,-27291.46382108905,1.2844105917264038e-95
1.91,-5.111992489374728,-27283.58886747134,-0.0,-27283.58886747134,3.378724489724835e-92
1.92,-5.119306332082516,-27275.88365426589,-0.0,-27275.88365426589,7.500398817803548e-89
1.93,-5.126648072524773,-27268.346837902474,-0.0,-27268.346837902474,1.4069611787926402e-85
1.94,-5.134017497161807,-27260.977076203828,-0.0,-27260.977076203828,2.233206859251773e-82
1.95,-5.141414392558801,-27253.773028591095,-0.0,-27253.773028591095,3.0033578308373734e-79
1.96,-5.148838545413952,-27246.733356285295,-0.0,-27246.733356285295,3.4268722562131575e-76
1.97,-5.156289742597693,-27239.856722505818,-0.0,-27239.856722505818,3.321865314938238e-73
1.98,-5.163767771179977,-27233.141792664734,-0.0,-27233.141792664734,2.7392962082550922e-70
1.99,-5.171272418464383,-27226.58723455782,-0.0,-27226.58723455782,1.9241876083665147e-67
2.0,-5.178803472017108,-27220.191718551763,-0.0,-27220.191718551763,1.1528816423518228e-64
2.01,-5.186360719701071,-27213.95391776791,-0.0,-27213.95391776791,5.8996627129190975e-62
2.02,-5.193943949699786,-27207.872508261946,-0.0,-27207.872508261946,2.58196157117705e-59
2.03,-5.201552950556589,-27201.94616920068,-0.0,-27201.94616920068,9.676674358333368e-57
2.04,-5.209187511191686,-27196.173583034048,-0.0,-27196.173583034048,3.109771254525198e-54
2.05,-5.216847420943083,-27190.553435664682,-0.0,-27190.553435664682,8.58079318699597e-52
2.06,-5.224532469582783,-27185.08441661261,-0.0,-27185.08441661261,2.0355990078888123e-49
2.07,-5.232242447353457,-27179.765219177294,-0.0,-27179.765219177294,4.157098594447654e-47
2.08,-5.239977144990604,-27174.59454059533,-0.0,-27174.59454059533,7.317917358724668e-45
2.09,-5.247736353749843,-27169.571082194776,-0.0,-27169.571082194776,1.1118540033190782e-42
2.1,-5.25551986543249,-27164.693549545726,-0.0,-27164.693549545726,1.4599341884379576e-40
2.11,-5.2633274724111345,-27159.960652607308,-0.0,-27159.960652607308,1.6588392498813985e-38
2.12,-5.271158967655225,-27155.371105871058,-0.0,-27155.371105871058,1.633123862840321e-36
2.13,-5.2790141447532335,-27150.923628500517,-0.0,-27150.923628500517,1.394870871193175e-34
2.14,-5.286892797938236,-27146.616944467485,-0.0,-27146.616944467485,1.034911268971493e-32
2.15,-5.294794722109231,-27142.449782684384,-0.0,-27142.449782684384,6.678493129513296e-31
2.16,-5.302719712856714,-27138.42087713341,-0.0,-27138.42087713341,3.753271079676954e-29
2.17,-5.3106675664797365,-27134.52896699167,-0.0,-27134.52896699167,1.8392680681332562e-27
2.18,-5.318638080013187,-27130.77279675336,-0.0,-27130.77279675336,7.869172011822039e-26
2.19,-5.32663105124314,-27127.15111634783,-0.0,-27127.15111634783,2.9430988836055684e-24
2.2,-5.334646278732436,-27123.662681254766,-0.0,-27123.662681254766,9.63414027345837e-23
2.21,-5.342683561836026,-27120.306252615366,-0.0,-27120.306252615366,2.7637032061698208e-21
2.22,-5.350742700724851,-27117.080597340606,-0.0,-27117.080597340606,6.956258121349668e-20
2.23,-5.358823496398628,-27113.984488215512,-0.0,-27113.984488215512,1.538150379999687e-18
2.24,-5.366925750711431,-27111.016704000787,-0.0,-27111.016704000787,2.991514450533014e-17
2.25,-5.375049266383627,-27108.17602953042,-0.0,-27108.17602953042,5.123660585730269e-16
2.26,-5.383193847022341,-27105.461255806425,-0.0,-27105.461255806425,7.7373385566587e-15
2.27,-5.391359297136802,-27102.871180090064,-0.0,-27102.871180090064,1.0314476522756245e-13
2.28,-5.399545422153693,-27100.404605989945,-0.0,-27100.404605989945,1.2152530299818255e-12
2.29,-5.407752028436761,-27098.060343547008,-0.0,-27098.060343547008,1.2669718207682478e-11
2.3,-5.415978923297899,-27095.837209316036,-0.0,-27095.837209316036,1.1702048256667472e-10
2.31,-5.424225915014205,-27093.73402644435,-0.0,-27093.73402644435,9.586555707998867e-10
2.32,-5.432492812839058,-27091.749624747077,-0.0,-27091.749624747077,6.973925559024493e-9
2.33,-5.440779427022591,-27089.88284077993,-0.0,-27089.88284077993,4.510360790812941e-8
2.34,-5.449085568816798,-27088.132517908103,-0.0,-27088.132517908103,2.5963715875778455e-7
2.35,-5.457411050494301,-27086.497506373038,-0.0,-27086.497506373038,1.3318132627796548e-6
2.36,-5.465755685358573,-27084.976663355716,-0.0,-27084.976663355716,6.094485747361559e-6
2.37,-5.47411928775503,-27083.568853037166,-0.0,-27083.568853037166,2.4908141180026067e-5
2.38,-5.482501673082112,-27082.27294665616,-0.0,-27082.27294665616,9.102198639391847e-5
2.39,-5.490902657806629,-27081.087822564255,-0.0,-27081.087822564255,0.00029774135636228074
2.4,-5.499322059468028,-27080.01236627758,-0.0,-27080.01236627758,0.0008727782065613559
2.41,-5.507759696692034,-27079.045470526333,-0.0,-27079.045470526333,0.0022952044784444216
2.42,-5.516215389200028,-27078.186035301427,-0.0,-27078.186035301427,0.005420874567818231
2.43,-5.524688957816721,-27077.432967898403,-0.0,-27077.432967898403,0.01151124708513525
2.44,-5.533180224481242,-27076.78518295889,-0.0,-27076.78518295889,0.022001475171205688
2.45,-5.541689012253954,-27076.241602509395,-0.0,-27076.241602509395,0.03789010339482602
2.46,-5.550215145321573,-27075.80115599737,-0.0,-27075.80115599737,0.058858512218194214
2.47,-5.558758449011663,-27075.462780325423,-0.0,-27075.462780325423,0.08255891319408473
2.48,-5.5673187497926335,-27075.225419882292,-0.0,-27075.225419882292,0.1046762842696947
2.49,-5.575895875283976,-27075.088026572004,-0.0,-27075.088026572004,0.12009293378180008
2.5,-5.584489654261375,-27075.0495598404,-0.0,-27075.0495598404,0.12480251685463574
2.51,-5.593099916664386,-27075.108986699586,-0.0,-27075.108986699586,0.11760196725124597
2.52,-5.601726493599841,-27075.265281749806,-0.0,-27075.265281749806,0.10058576165781638
2.53,-5.610369217347824,-27075.51742719936,-0.0,-27075.51742719936,0.07816838358973582
2.54,-5.619027921365074,-27075.864412882147,-0.0,-27075.864412882147,0.05525062105177328
2.55,-5.627702440291813,-27076.305236273318,-0.0,-27076.305236273318,0.035554125236320525
2.56,-5.636392609954299,-27076.83890250262,-0.0,-27076.83890250262,0.02085075087151688
2.57,-5.645098267369093,-27077.4644243658,-0.0,-27077.4644243658,0.011154779909033918
2.58,-5.653819250745613,-27078.180822333943,-0.0,-27078.180822333943,0.005449207195046323
2.59,-5.662555399489548,-27078.98712456091,-0.0,-27078.98712456091,0.0024331042283667827
2.6,-5.671306554206268,-27079.882366888858,-0.0,-27079.882366888858,0.0009939439864033056
2.61,-5.6800725567008215,-27080.865592851755,-0.0,-27080.865592851755,0.00037183674129842597
2.62,-5.688853249983055,-27081.935853677336,-0.0,-27081.935853677336,0.0001275099071712658
2.63,-5.69764847826761,-27083.092208286987,-0.0,-27083.092208286987,4.011857544989736e-5
2.64,-5.706458086974777,-27084.333723294007,-0.0,-27084.333723294007,1.1592107147610414e-5
2.65,-5.715281922733908,-27085.659473000214,-0.0,-27085.659473000214,3.0789072405588675e-6
2.66,-5.724119833380854,-27087.06853939072,-0.0,-27087.06853939072,7.523966390791209e-7
2.67,-5.732971667962232,-27088.56001212731,-0.0,-27088.56001212731,1.6932008097564276e-7
2.68,-5.741837276732014,-27090.13298853996,-0.0,-27090.13298853996,3.512153521564752e-8
2.69,-5.7507165111540814,-27091.7865736171,-0.0,-27091.7865736171,6.720949264125726e-9
2.7,-5.759609223902231,-27093.51987999421,-0.0,-27093.51987999421,1.1875864175947697e-9
2.71,-5.76851526885676,-27095.33202794087,-0.0,-27095.33202794087,1.9393641727062808e-10
2.72,-5.777434501106171,-27097.222145346583,-0.0,-27097.222145346583,2.9294885767438493e-11
2.73,-5.786366776945471,-27099.189367705105,-0.0,-27099.189367705105,4.096736147417057e-12
2.74,-5.79531195387446,-27101.232838097407,-0.0,-27101.232838097407,5.308478693316058e-13
2.75,-5.804269890596885,-27103.35170717338,-0.0,-27103.35170717338,6.379063583203743e-14
2.76,-5.813240447017876,-27105.545133132215,-0.0,-27105.545133132215,7.114823659826108e-15
2.77,-5.822223484243096,-27107.81228170162,-0.0,-27107.81228170162,7.37146872451246e-16
2.78,-5.8312188645736285,-27110.152326115633,-0.0,-27110.152326115633,7.100446358899341e-17
2.79,-5.840226451508528,-27112.564447091678,-0.0,-27112.564447091678,6.363775074728321e-18
2.8,-5.849246109738004,-27115.047832806027,-0.0,-27115.047832806027,5.311217774983182e-19
2.81,-5.858277705140864,-27117.601678868377,-0.0,-27117.601678868377,4.131168000216462e-20
2.82,-5.867321104784509,-27120.22518829553,-0.0,-27120.22518829553,2.9970720885007282e-21
2.83,-5.876376176918967,-27122.917571483744,-0.0,-27122.917571483744,2.0295980050622658e-22
2.84,-5.885442790972633,-27125.67804618016,-0.0,-27125.67804618016,1.2839588326539544e-23
2.85,-5.894520817553115,-27128.505837453584,-0.0,-27128.505837453584,7.5937615044043805e-25
2.86,-5.903610128438714,-27131.40017766385,-0.0,-27131.40017766385,4.2020476334166554e-26
2.87,-5.912710596575863,-27134.360306430586,-0.0,-27134.360306430586,2.177175216922689e-27
2.88,-5.92182209607742,-27137.38547060119,-0.0,-27137.38547060119,1.0570153054805193e-28
2.89,-5.930944502214999,-27140.474924217684,-0.0,-27140.474924217684,4.812254841993952e-30
2.9,-5.9400776914164055,-27143.627928483005,-0.0,-27143.627928483005,2.05596759044372e-31
2.91,-5.94922154126138,-27146.84375172644,-0.0,-27146.84375172644,8.249012750830034e-33
2.92,-5.958375930474773,-27150.12166936825,-0.0,-27150.12166936825,3.110429992233602e-34
2.93,-5.967540738925692,-27153.46096388384,-0.0,-27153.46096388384,1.1030196500481547e-35
2.94,-5.976715847617271,-27156.860924766763,-0.0,-27156.860924766763,3.68128125341065e-37
2.95,-5.985901138684113,-27160.320848491538,-0.0,-27160.320848491538,1.1571061923432066e-38
2.96,-5.995096495390584,-27163.840038475766,-0.0,-27163.840038475766,3.4277443750558386e-40
2.97,-6.004301802118022,-27167.417805041223,-0.0,-27167.417805041223,9.576441277293512e-42
2.98,-6.013516944366444,-27171.053465374996,-0.0,-27171.053465374996,2.5249741069542234e-43
2.99,-6.022741808742609,-27174.746343489485,-0.0,-27174.746343489485,6.287244381077453e-45
3.0,-6.031976282960869,-27178.495770182435,-0.0,-27178.495770182435,1.4794661001440561e-46
3.01,-6.041220255830382,-27182.30108299586,-0.0,-27182.30108299586,3.292142774820249e-48
3.02,-6.050473617256813,-27186.161626175173,-0.0,-27186.161626175173,6.932119834043284e-50
3.03,-6.059736258228696,-27190.07675062715,-0.0,-27190.07675062715,1.3821307080777342e-51
3.04,-6.0690080708165794,-27194.04581387805,-0.0,-27194.04581387805,2.610999856850402e-53
3.05,-6.078288948165351,-27198.068180031038,-0.0,-27198.068180031038,4.676440613494456e-55
3.06,-6.08757878448742,-27202.143219723246,-0.0,-27202.143219723246,7.945992882593655e-57
3.07,-6.096877475057596,-27206.270310082582,-0.0,-27206.270310082582,1.2816681803656038e-58
3.08,-6.106184916204569,-27210.44883468398,-0.0,-27210.44883468398,1.9636560747714962e-60
3.09,-6.1155010053066405,-27214.67818350565,-0.0,-27214.67818350565,2.8594504163089778e-62
3.1,-6.124825640784053,-27218.957752884726,-0.0,-27218.957752884726,3.959945454869921e-64
3.11,-6.134158722093019,-27223.286945472864,-0.0,-27223.286945472864,5.218488752685327e-66
3.12,-6.143500149718051,-27227.66517019137,-0.0,-27227.66517019137,6.547958465991164e-68
3.13,-6.152849825165987,-27232.09184218625,-0.0,-27232.09184218625,7.827565229716156e-70
3.14,-6.162207650959175,-27236.56638278301,-0.0,-27236.56638278301,8.919867540987505e-72
3.15,-6.171573530627796,-27241.08821944116,-0.0,-27241.08821944116,9.695042037221214e-74
3.16,-6.180947368703897,-27245.656785708637,-0.0,-27245.656785708637,1.0056493478909896e-75
3.17,-6.190329070715421,-27250.271521176102,-0.0,-27250.271521176102,9.960758882228528e-78
3.18,-6.199718543175976,-27254.93187143081,-0.0,-27254.93187143081,9.42601286148052e-80
3.19,-6.209115693580571,-27259.637288010672,-0.0,-27259.637288010672,8.526907903231654e-82
3.2,-6.21852043039965,-27264.387228358173,-0.0,-27264.387228358173,7.3776609031657175e-84
3.21,-6.2279326630671505,-27269.181155773767,-0.0,-27269.181155773767,6.10861095649929e-86
3.22,-6.23735230197795,-27274.018539369783,-0.0,-27274.018539369783,4.8427657716815173e-88
3.23,-6.246779258479336,-27278.898854023846,-0.0,-27278.898854023846,3.677898502177994e-90
3.24,-6.256213444864187,-27283.821580332435,-0.0,-27283.821580332435,2.677237307119063e-92
3.25,-6.265654774361593,-27288.786204564178,-0.0,-27288.786204564178,1.8688651248274629e-94
3.26,-6.275103161131739,-27293.79221861339,-0.0,-27293.79221861339,1.251681063100304e-96
3.27,-6.284558520260788,-27298.839119953547,-0.0,-27298.839119953547,8.047338672806226e-99
3.28,-6.2940207677472415,-27303.92641159039,-0.0,-27303.92641159039,4.969006825643226e-101
3.29,-6.303489820501937,-27309.053602015636,-0.0,-27309.053602015636,2.9482145416647514e-103
3.3,-6.312965596334408,-27314.220205160127,-0.0,-27314.220205160127,1.6816354272504643e-105
3.31,-6.322448013951174,-27319.425740347513,-0.0,-27319.425740347513,9.225642914247334e-108
3.32,-6.33193699294381,-27324.66973224753,-0.0,-27324.66973224753,4.870346897467396e-110
3.33,-6.341432453786382,-27329.95171082977,-0.0,-27329.95171082977,2.4752880419112656e-112
3.34,-6.35093431782181,-27335.271211316987,-0.0,-27335.271211316987,1.2117025885988938e-114
3.35,-6.360442507261865,-27340.627774139135,-0.0,-27340.627774139135,5.7157122944177845e-117
3.36,-6.36995694517438,-27346.020944886848,-0.0,-27346.020944886848,2.599238100200598e-119
3.37,-6.3794775554781324,-27351.45027426545,-0.0,-27351.45027426545,1.1400352364368558e-121
3.38,-6.389004262935174,-27356.91531804886,-0.0,-27356.91531804886,4.824806675123025e-124
3.39,-6.398536993144006,-27362.415637033737,-0.0,-27362.415637033737,1.9711593412880143e-126
3.4,-6.408075672531908,-27367.95079699364,-0.0,-27367.95079699364,7.777361849956202e-129
3.41,-6.417620228348966,-27373.520368633443,-0.0,-27373.520368633443,2.9648182528002505e-131
3.42,-6.427170588656992,-27379.12392754361,-0.0,-27379.12392754361,1.092454510194207e-133
3.43,-6.436726682326963,-27384.76105415506,-0.0,-27384.76105415506,3.892515771116808e-136
3.44,-6.446288439029644,-27390.431333693832,-0.0,-27390.431333693832,1.3417118834727799e-138
3.45,-6.455855789227911,-27396.13435613601,-0.0,-27396.13435613601,4.475773385653681e-141
3.46,-6.465428664170787,-27401.869716162884,-0.0,-27401.869716162884,1.4455492013867664e-143
3.47,-6.475006995885764,-27407.637013116222,-0.0,-27407.637013116222,4.521969572959163e-146
3.48,-6.48459071717113,-27413.435850953723,-0.0,-27413.435850953723,1.3706430285811947e-148
3.49,-6.494179761589152,-27419.26583820466,-0.0,-27419.26583820466,4.027106071876625e-151
3.5,-6.503774063460099,-27425.126587925843,-0.0,-27425.126587925843,1.1473655479004531e-153
